title,type,description,listed_in,cast,director,country,release_year,rating,popularity
Lee Cronin's The Mummy,Movie,"The young daughter of a journalist disappears into the desert without a trace—eight years later, the broken family is shocked when she is returned to them, as what should be a joyful reunion turns into a living nightmare.","Horror, Mystery","Jack Reynor, Laia Costa, May Calamawy, Natalie Grace, Shylo Molina",Lee Cronin,Unknown,2026,8.075,583.1981
Obsession,Movie,"After breaking the mysterious ""One Wish Willow"" to win his crush's heart, a hopeless romantic finds himself getting exactly what he asked for but soon discovers that some desires come at a dark, sinister price.",Horror,"Michael Johnston, Inde Navarrette, Cooper Tomlinson, Megan Lawless, Andy Richter",Curry Barker,Unknown,2026,8.0,501.5672
Tom Clancy's Jack Ryan: Ghost War,Movie,"Jack Ryan is reluctantly pulled back into espionage when an international covert mission unravels a deadly conspiracy. Racing against time, he joins CIA allies Mike November & James Greer and sharp MI6 officer Emma Marlowe to battle a rogue black-ops unit in a high-stakes, deeply personal fight.","Action, Thriller","John Krasinski, Wendell Pierce, Sienna Miller, Michael Kelly, Max Beesley",Andrew Bernstein,Unknown,2026,7.142,368.4056
Kara,Movie,"A thief tries to go straight, but when predatory banks trap his father in debt, he returns to crime — with a determined cop closing in on his trail.","Crime, Drama, Thriller","Dhanush, Mamitha Baiju, K. S. Ravikumar, Suraj Venjaramoodu, Karunas",Vignesh Raja,Unknown,2026,6.5,328.9697
The Punisher: One Last Kill,Movie,"As Frank Castle searches for meaning beyond revenge, an unexpected force pulls him back into the fight.","Action, Drama, Crime","Jon Bernthal, Deborah Ann Woll, Jason R. Moore, Judith Light, Kelli Barrett",Reinaldo Marcus Green,Unknown,2026,8.396,314.4766
Project Hail Mary,Movie,"Science teacher Ryland Grace wakes up on a spaceship light years from home with no recollection of who he is or how he got there. As his memory returns, he begins to uncover his mission: solve the riddle of the mysterious substance causing the sun to die out. He must call on his scientific knowledge and unorthodox ideas to save everything on Earth from extinction.","Science Fiction, Adventure","Ryan Gosling, Sandra Hüller, James Ortiz, Lionel Boyce, Milana Vayntrub",Phil Lord,Unknown,2026,8.645,302.0827
The Super Mario Galaxy Movie,Movie,"Having thwarted Bowser's previous plot to marry Princess Peach, Mario and Luigi now face a fresh threat in Bowser Jr., who is determined to liberate his father from captivity and restore the family legacy. Alongside companions new and old, the brothers travel across the stars to stop the young heir's crusade.","Family, Comedy, Adventure, Fantasy, Animation","Chris Pratt, Anya Taylor-Joy, Charlie Day, Jack Black, Donald Glover",Michael Jelenic,Unknown,2026,8.097,289.9814
Backrooms,Movie,A strange doorway appears in the basement of a furniture showroom.,"Horror, Mystery, Science Fiction","Chiwetel Ejiofor, Renate Reinsve, Mark Duplass, Finn Bennett, Lukita Maxwell",Kane Parsons,Unknown,2026,6.8,273.5711
Dhurandhar: The Revenge,Movie,"As rival gangs, corrupt officials and a ruthless Major Iqbal close in, Hamza's mission for his country spirals into a bloody personal war where the line between patriot and monster disappears in the streets of Lyari.","Action, Crime, Thriller","Ranveer Singh, Arjun Rampal, R. Madhavan, Sanjay Dutt, Sara Arjun",Aditya Dhar,Unknown,2026,7.257,268.0668
Swapped,Movie,"A small woodland creature and a majestic bird, two natural sworn enemies of the Valley, magically trade places and set off on an adventure of a lifetime to switch back. Their journey soon uncovers a greater threat—one that could endanger not only their species, but the entire valley they call home.","Adventure, Animation, Family, Fantasy","Michael B. Jordan, Juno Temple, Tracy Morgan, Cedric the Entertainer, Justina Machado",Nathan Greno,Unknown,2026,8.976,265.3704
The Matrix,Movie,"Set in the 22nd century, The Matrix tells the story of a computer hacker who joins a group of underground insurgents fighting the vast and powerful computers who now rule the earth.","Action, Science Fiction","Keanu Reeves, Laurence Fishburne, Carrie-Anne Moss, Hugo Weaving, Gloria Foster",Lana Wachowski,Unknown,1999,8.247,257.5238
Your Heart Will Be Broken,Movie,"High school student Polina is saved from bullying at her new school and makes a deal with the main bully Bars: he must pretend to be her boyfriend and protect her, and she must do everything he says. During this game, the couple develops real feelings, but her family and classmates have reasons to separate the lovers.","Romance, Drama","Daniel Vegas, Veronika Zhuravleva, Ivan Trushin, Maksim Saprykin, Alya Mayer",Mikhail Vaynberg,Unknown,2026,6.762,255.3572
Chand Mera Dil,Movie,"Aarav and Chandni's passionate college romance is struck by adulthood far too soon, forcing the two young lovers to balance their ambitions with responsibility and realize the evolved meaning of love.","Romance, Drama","Ananya Panday, Lakshya Lalwani, Aastha Singh, Paresh Pahuja, Manish Chaudhary",Vivek Soni,Unknown,2026,5.5,175.793
The Shadow's Edge,Movie,Macau Police brings the tracking expert police officer out of retirement to help catch a dangerous group of professional thieves.,"Action, Crime, Drama, Thriller","Jackie Chan, Zhang Zifeng, Tony Leung Ka-fai, Ci Sha, Jun",Larry Yang,Unknown,2025,7.425,168.7615
Mortal Kombat II,Movie,"The fan favorite champions—now joined by Johnny Cage himself—are pitted against one another in the ultimate, no-holds barred, gory battle to defeat the dark rule of Shao Kahn that threatens the very existence of the Earthrealm and its defenders.","Action, Fantasy, Adventure","Karl Urban, Adeline Rudolph, Jessica McNamee, Josh Lawson, Martyn Ford",Simon McQuoid,Unknown,2026,6.8,167.7321
Pati Patni Aur Woh Do,Movie,"A seemingly perfect marriage in Prayagraj takes an unexpected turn when one decision leads to a chain of misunderstandings, suspicion, and comedic chaos.",Comedy,"Ayushmann Khurrana, Wamiqa Gabbi, Rakul Preet Singh, Sara Ali Khan, Vijay Raaz",Mudassar Aziz,Unknown,2026,7.5,167.4581
The Mandalorian and Grogu,Movie,"The evil Empire has fallen, and Imperial warlords remain scattered throughout the galaxy. As the fledgling New Republic works to protect everything the Rebellion fought for, they have enlisted the help of legendary Mandalorian bounty hunter Din Djarin and his young apprentice Grogu.","Action, Adventure, Science Fiction","Pedro Pascal, Jeremy Allen White, Sigourney Weaver, Brendan Wayne, Lateef Crowder",Jon Favreau,Unknown,2026,6.882,162.5472
Over Your Dead Body,Movie,"A dysfunctional couple head to a remote cabin to ""reconnect"", but each has secret intentions to kill the other.","Action, Comedy, Thriller","Samara Weaving, Jason Segel, Paul Guilfoyle, Timothy Olyphant, Keith Jardine",Jorma Taccone,Unknown,2026,6.88,160.3583
Graphic Desires,Movie,"When reclusive Franklin cheats on his partner with a mysterious girl he meets on a dating app, it becomes the start of a deadly obsession.","Thriller, Crime","David Wayman, Sian Altman, May Kelly, Ocean M Harris, Valis Volkova",Andy Edwards,Unknown,2023,6.975,158.2495
The Devil Wears Prada,Movie,"A young woman from the Midwest gets more than she bargained for when she moves to New York to become a writer and ends up as the assistant to the tyrannical, larger-than-life editor-in-chief of a major fashion magazine.","Drama, Comedy","Meryl Streep, Anne Hathaway, Emily Blunt, Stanley Tucci, Simon Baker",David Frankel,Unknown,2006,7.427,155.4556
Avatar: Fire and Ash,Movie,"In the wake of the devastating war against the RDA and the loss of their eldest son, Jake Sully and Neytiri face a new threat on Pandora: the Ash People, a violent and power-hungry Na'vi tribe led by the ruthless Varang. Jake's family must fight for their survival and the future of Pandora in a conflict that pushes them to their emotional and physical limits.","Science Fiction, Adventure, Fantasy","Sam Worthington, Zoe Saldaña, Sigourney Weaver, Stephen Lang, Oona Chaplin",James Cameron,Unknown,2025,7.531,154.2828
Nymphomaniac: Vol. II,Movie,The continuation of Joe's sexually dictated life delves into the darker aspects of her adult life and what led to her being in Seligman's care.,"Drama, Mystery","Charlotte Gainsbourg, Stellan Skarsgård, Stacy Martin, Shia LaBeouf, Willem Dafoe",Lars von Trier,Unknown,2013,6.711,152.8571
Kattalan,Movie,"Power-hungry forces clash in the Ivory cartel war-a fierce story of control, vengeance, and survival where compassion vanishes and only the ruthless endure.","Action, Thriller","Antony Varghese, Sunil Varma, Dushara Vijayan, Jagadish, Kabir Duhan Singh",Paul George,Unknown,2026,6.0,151.4169
Mortal Kombat,Movie,"Washed-up MMA fighter Cole Young, unaware of his heritage, and hunted by Emperor Shang Tsung's best warrior, Sub-Zero, seeks out and trains with Earth's greatest champions as he prepares to stand against the enemies of Outworld in a high stakes battle for the universe.","Action, Fantasy, Adventure","Lewis Tan, Jessica McNamee, Mehcad Brooks, Josh Lawson, Ludi Lin",Simon McQuoid,Unknown,2021,7.036,151.1462
Hoppers,Movie,"Scientists have discovered how to 'hop' human consciousness into lifelike robotic animals, allowing people to communicate with animals as animals. Animal lover Mabel seizes an opportunity to use the technology, uncovering mysteries within the animal world beyond anything she could have imagined.","Adventure, Animation, Comedy, Family, Science Fiction","Piper Curda, Bobby Moynihan, Jon Hamm, Kathy Najimy, Dave Franco",Daniel Chong,Unknown,2026,8.164,145.8289
Iron Lung,Movie,"In a post-apocalyptic future where an event known as ""The Quiet Rapture"" caused all known stars and habitable planets in the universe to disappear, a convict is sent to search an ocean of blood discovered on a desolate moon, using a small submarine nicknamed the ""Iron Lung"".","Horror, Mystery, Science Fiction","Mark Fischbach, Caroline Kaplan, Troy Baker, Elsie Lovelock, Elle LaMont",Mark Fischbach,Unknown,2026,7.2,145.7933
Red Latex,Movie,"Eric lives with his pregnant wife in his in-laws' house because they have no money to become independent. Eric is very docile and the people around him: his wife, his father, his father-in-law, and his boss have always told him what he has to do with his life. But everything has a limit. Fed of with this situation, Eric leaves his family and escapes to the mansion of the dominatrix Mistress Gise to become her slave. Eric hopes to achieve liberation by submitting to Mistress Gise. When his family finds out, they do what they can to get him back. Meanwhile, Mistress Gise is a twisted Domina who takes Eric's slavery beyond any expected limit.",Thriller,"Fedra Duarte, Nestor Napolitano, Valeria Rowinski",Gerard Marcó de Mas,Unknown,2020,5.1,129.4559
Karuppu,Movie,"In a world where justice falters, guardian deity Vettai Karuppu takes the guise of a lawyer to battle a corrupt legal system preying on the powerless.","Action, Fantasy","Suriya, Trisha Krishnan, RJ Balaji, Indrans, Anagha Maya Ravi",RJ Balaji,Unknown,2026,7.5,128.292
Damage,Movie,The life of a respected British politician at the height of his career crumbles when he becomes obsessed with his son's lover.,"Drama, Romance","Jeremy Irons, Juliette Binoche, Miranda Richardson, Rupert Graves, Peter Stormare",Louis Malle,Unknown,1992,6.6,125.3256
Door II: Tokyo Diary,Movie,Ai is a call girl that makes good money for what she does but there’s always at risk no matter how good the money is.,"Thriller, Drama","Chikako Aoyama, Joe Yamanaka, Shingo Kazami, Chiharu Iwamoto, Tatsuo Yamada",Banmei Takahashi,Unknown,1991,6.071,123.9785
Apex,Movie,A grieving woman pushing her limits on a solo adventure in the Australian wild is ensnared in a twisted game with a cunning killer who thinks she's prey.,"Action, Thriller","Charlize Theron, Taron Egerton, Eric Bana, Caitlin Stasey, Bessie Holland",Baltasar Kormákur,Unknown,2026,6.7,122.1691
Demon Slayer: Kimetsu no Yaiba Infinity Castle,Movie,"The Demon Slayer Corps are drawn into the Infinity Castle, where Tanjiro, Nezuko, and the Hashira face terrifying Upper Rank demons in a desperate fight as the final battle against Muzan Kibutsuji begins.","Animation, Action, Fantasy","Natsuki Hanae, Takahiro Sakurai, Akira Ishida, Hiro Shimono, Yoshimasa Hosoya",Haruo Sotozaki,Unknown,2025,7.728,119.9525
GOAT,Movie,"A small goat with big dreams gets a once-in-a-lifetime shot to join the pros and play roarball, a high-intensity, co-ed, full-contact sport dominated by the fastest, fiercest animals in the world.","Animation, Comedy, Family","Caleb McLaughlin, Gabrielle Union, Stephen Curry, Aaron Pierre, Nicola Coughlan",Tyree Dillihay,Unknown,2026,8.1,116.6577
Michael,Movie,"The story of Michael Jackson, one of the most influential artists the world has ever known, and his life beyond the music. His journey from the discovery of his extraordinary talent as the lead of the Jackson Five, to the visionary artist whose creative ambition fueled a relentless pursuit to become the biggest entertainer in the world, highlighting both his life off-stage and some of the most iconic performances from his early solo career.","Music, Drama","Jaafar Jackson, Colman Domingo, Nia Long, Juliano Krue Valdi, Miles Teller",Antoine Fuqua,Unknown,2026,7.573,112.6836
Infiltrate,Movie,"In a city overrun by crime, government Agent Lily Chen is forced to choose between her duty and her family when her husband is kidnapped, and she’s blackmailed into assassinating high-level criminals to save him. As she delves deeper into the criminal underworld, Lily’s relentless pursuit of justice unravels a web of corruption, leading to a final, life-altering decision that will change her world forever.","Action, Thriller","Orphée Ladouceur-Nguyen, Alain Moussi, Tim Rozon, Finn McCager Higgins, Lisa Berry",James Mark,Unknown,2026,5.2,111.6802
Mark,Movie,"Mark is suspended from his police duties for his unruly yet effective ways of operating, but when 18 children are abducted and found dead, races to catch the criminals. With only 18 hours left, he must confront powerful foes and use unconventional tactics to succeed.","Action, Thriller","Sudeepa, Deepshika Umapathy, Naveen Chandra, Shine Tom Chacko, Yogi Babu",Vijay Kartikeyaa,Unknown,2025,4.0,109.2945
Disforia,Movie,"Set in the near future against the backdrop of widespread looting and societal collapse, the couple formed by Esther and Tomás and their daughter Say move to their summer house so they can promptly sell it and then flee from their country to France, drawing attention from a ring of voyeurs of real-life torture streamed on the dark web.","Horror, Thriller","Claudia Salas, Fariba Sheikhan, Eloy Azorín, Noah Casas, Ferran Vilajosana",Christopher Cartagena,Unknown,2025,4.833,108.0813
System,Movie,"When Neha Rajvansh, a privileged public prosecutor, meets Sarika Rawat, a courtroom stenographer from a humble background, their lives are thrown into upheaval where power defines truth, blurring the system and raising a question of what justice truly means to them.",Thriller,"Sonakshi Sinha, Jyothika, Ashutosh Gowariker, Adinath Kothare, Aashriya Mishra",Ashwiny Iyer Tiwari,Unknown,2026,7.5,105.014
Mortal Game,Movie,"A group of hunters travel to a mysterious island to track down a legendary forest creature. They soon realize their guide has set them up as bait, forcing them to confront a highly intelligent predator that terrorizes them one by one.","Horror, Action","Deniella Alexis, Kevin Lloyd Reid, Mark Ettlinger, Madison Caan, Reece Presley",John Lechago,Unknown,2025,4.917,97.6395
Beast,Movie,"MMA legend Patton James, now a commercial fisherman, is pulled back into the cage when his brother is in danger. Reuniting with his old coach Sammy, he commits to one final fight in one championship against the brutal champion Xavier Grau.","Action, Drama","Daniel MacPherson, Luke Hemsworth, Russell Crowe, Mojean Aria, Kelly Gale",Tyler Atkins,Unknown,2026,6.3,95.786
Rape of Love,Movie,"Nicole, nurse in Grenoble, is raped one night by four men. Deeply scarred, emotionally and physically, she thinks she will never recover from the trauma. Following a friend's advice, she decides to file a lawsuit.",Drama,"Nathalie Nell, Alain Fourès, Michèle Simonnet, Pierre Arditi, Daniel Auteuil",Yannick Bellon,Unknown,1978,5.6,108.2565
Dhurandhar,Movie,"A mysterious traveler slips into the heart of Karachi's underbelly and rises through its ranks with lethal precision, only to tear the notorious ISI-Underworld nexus apart from within.","Action, Crime, Thriller","Ranveer Singh, Akshaye Khanna, R. Madhavan, Arjun Rampal, Sanjay Dutt",Aditya Dhar,Unknown,2025,7.138,87.6481
Madness,Movie,"An escaped convicted murderer invades the cottage of a man, his wife and the wife's sister, whereupon he proceeds to torment this already dysfunctional trio with rape and violence.","Thriller, Action, Crime","Joe Dallesandro, Patrizia Behn, Gianni Macchia, Lorraine De Selle, Omero Capanna",Fernando Di Leo,Unknown,1980,4.969,82.6356
Zootopia 2,Movie,"After cracking the biggest case in Zootopia's history, rookie cops Judy Hopps and Nick Wilde find themselves on the twisting trail of a great mystery when Gary De'Snake arrives and turns the animal metropolis upside down. To crack the case, Judy and Nick must go undercover to unexpected new parts of town, where their growing partnership is tested like never before.","Adventure, Animation, Comedy, Family, Mystery","Ginnifer Goodwin, Jason Bateman, Ke Huy Quan, Fortune Feimster, Andy Samberg",Jared Bush,Unknown,2025,7.648,84.135
Kaulayaw,Movie,"Two college schoolmates venture into the world of cybersex to support their needs. They fulfill their fans' sexual fantasy only to realized that they too, are falling for each other.",Drama,"Micaella Raz, Matthew Francisco, Robb Guinto, Adelaide Sojo, Dante Navat",Iar Arondaing,Unknown,2024,5.8,95.4883
After We Fell,Movie,"Just as Tessa's life begins to become unglued, nothing is what she thought it would be. Not her friends nor her family. The only person that she should be able to rely on is Hardin, who is furious when he discovers the massive secret that she's been keeping. Before Tessa makes the biggest decision of her life, everything changes because of revelations about her family.","Drama, Romance","Josephine Langford, Hero Fiennes Tiffin, Carter Jenkins, Louise Lombard, Chance Perdomo",Castille Landon,Unknown,2021,7.005,79.6626
Zero Woman 2,Movie,"When a valuable suitcase is stolen, the mob, petty criminals, and a beautiful agent from the Elite Zero division are pulled into a battle to settle the score.","Action, Thriller","Natsuki Ozawa, Saori Iwama, Kane Kosugi, Hiroyuki Watari, Tomomi Miyauchi",Daisuke Gotô,Unknown,1995,5.0,123.9359
Ladies First,Movie,"An arrogant but charismatic ladies' man finds his life of money, power and casual flings upended when he wakes up in a parallel world dominated by women.","Comedy, Fantasy","Sacha Baron Cohen, Rosamund Pike, Tom Davis, Emily Mortimer, Weruche Opia",Thea Sharrock,Unknown,2026,6.045,71.7287
Bhooth Bangla,Movie,"A man inherits a palace in rural Mangalpur and plans his sister's wedding there, but strange supernatural events and panicked locals force him to investigate the property's mysterious past.","Horror, Comedy","Akshay Kumar, Wamiqa Gabbi, Paresh Rawal, Tabu, Jisshu Sengupta",Priyadarshan,Unknown,2026,6.5,87.2818
La fotógrafa,Movie,"Inna, a young post-mortem photographer, arrives at a remote orphanage in northern Spain to capture the final image of Alejandra, a girl found dead under mysterious circumstances. But as her lens lingers on the tragedy, Inna begins to sense a dark presence within the orphanage's walls-an evil that refuses to remain hidden and threatens to make her its next subject.","Horror, Thriller","Daniela Casas, Noah Casas, Samantha Jaramillo, Leyre Azpiri, Chema Coloma",Carlos Marbán,Unknown,2025,4.0,79.7093
The Shawshank Redemption,Movie,"Imprisoned in the 1940s for the double murder of his wife and her lover, upstanding banker Andy Dufresne begins a new life at the Shawshank prison, where he puts his accounting skills to work for an amoral warden. During his long stretch in prison, Dufresne comes to be admired by the other inmates -- including an older prisoner named Red -- for his integrity and unquenchable sense of hope.","Drama, Crime","Tim Robbins, Morgan Freeman, Bob Gunton, William Sadler, Clancy Brown",Frank Darabont,Unknown,1994,8.721,80.3109
Rocky Aur Rani Kii Prem Kahaani,Movie,"Gym-freak brat Rocky falls in love with Rani, who comes from a well-educated Bengali family. Being from polar opposite worlds, the two decide to switch their families to adjust to each other's cultures and backgrounds and to know if their marriage will survive. Rocky and Rani are trapped in a world where they are united by love but divided by families and the ultimate question is will they fit in?","Comedy, Drama, Family, Romance","Alia Bhatt, Ranveer Singh, Jaya Bachchan, Shabana Azmi, Dharmendra",Karan Johar,Unknown,2023,6.201,85.0773
Addicted,Movie,A gallerist risks her family and flourishing career when she enters into an affair with a talented painter and slowly loses control of her life.,"Drama, Thriller","Sharon Leal, Boris Kodjoe, John Newberg, Brandon Gonzales, Cameron Mills",Bille Woodruff,Unknown,2014,5.9,77.9406
Interstellar,Movie,The adventures of a group of explorers who make use of a newly discovered wormhole to surpass the limitations on human space travel and conquer the vast distances involved in an interstellar voyage.,"Adventure, Drama, Science Fiction","Matthew McConaughey, Anne Hathaway, Michael Caine, Jessica Chastain, Casey Affleck",Christopher Nolan,Unknown,2014,8.5,74.4364
Shelter,Movie,"A man living in self-imposed exile on a remote island rescues a young girl from a violent storm, setting off a chain of events that forces him out of seclusion to protect her from enemies tied to his past.","Action, Crime, Thriller","Jason Statham, Bodhi Rae Breathnach, Naomi Ackie, Daniel Mays, Harriet Walter",Ric Roman Waugh,Unknown,2026,7.626,65.8241
Mexican Psycho,Movie,"Follows an ""ultra-violent and intelligent"" psychopath who challenges the police by leaving a white paper rabbit at each crime scene, connecting them all.","Thriller, Horror","Adriana Llabrés, Hoze Meléndez, Andrés Almeida, Horacio García Rojas, Ruth Ramos",J. Xavier Velasco,Unknown,2026,7.368,63.2198
Avatar Aang: The Last Airbender,Movie,"Avatar Aang, the world's last Airbender, learns of an ancient power that could save his culture from extinction. With the help of his friends, he embarks on a global quest to find it before it falls into the wrong hands and threatens to upend the peace they sacrificed everything to achieve.","Animation, Action, Adventure, Fantasy","Eric Nam, Dave Bautista, Jessica Matten, Román Zaragoza, Steven Yeun",Lauren Montgomery,Unknown,2026,0.0,69.3414
Worldbreaker,Movie,"Five years ago, a tear in the fabric of reality brought creatures to our world from an alternate dimension bent on our destruction. A father hides his daughter on an island to keep her safe while he prepares her for survival and the battles to come. But when the world is about to break, no place is safe.","Science Fiction, Action, Horror","Billie Boullet, Luke Evans, Milla Jovovich, Mila Harris, Kevin Glynn",Brad Anderson,Unknown,2025,6.033,62.0077
Kartavya,Movie,"With his family's safety at stake and menacing threats closing in, a police officer must decide how far he'll go to uphold his duty.","Crime, Drama, Thriller","Saif Ali Khan, Rasika Dugal, Sanjay Mishra, Saurabh Dwivedi, Zakir Hussain",Pulkit,Unknown,2026,6.471,62.5214
Remarkably Bright Creatures,Movie,"Through unlikely bonds formed during night shifts at a local aquarium, Tova, an elderly widow, learns of a life-changing discovery that may bring her joy and wonder once again.","Drama, Mystery","Sally Field, Lewis Pullman, Colm Meaney, Alfred Molina, Joan Chen",Olivia Newman,Unknown,2026,8.541,65.5422
Deool Band 2,Movie,"The story follows a farmer who decides to question and test his faith, setting off a journey filled with emotional and life-altering moments. At its core, the narrative centers on a woman who tirelessly struggles for her family, facing hardships with resilience, as her path ultimately leads her to confront the very idea of divine power","Comedy, Drama","Mohan Joshi, Snehal Tarde, Mahesh Manjrekar, Pravin Tarde, Prasad Oak",Pravin Tarde,Unknown,2026,0.0,75.788
Colony,Movie,"Professor Se-jeong is thrust into a bloody nightmare when a rapidly mutating virus is released during a biotech conference causing authorities to seal the facility. Trapped inside with no escape, Se-jeong along with a small group of survivors must fight to stay alive while the infected undergo horrific transformations.","Action, Thriller, Horror","Gianna Jun, Koo Kyo-hwan, Ji Chang-wook, Kim Shin-rok, Shin Hyun-been",Yeon Sang-ho,Unknown,2026,6.556,63.7163
Accidental Partners,Movie,Two women discover they were both scammed by the same man (who also got them pregnant). They form an alliance to take revenge.,"Comedy, Romance","Angelique Boyer, Bárbara de Regil, Diego Klein, Lucía Uribe, Isabella Camil",Ihtzi Hurtado,Unknown,2026,9.127,64.7461
The Last Supper,Movie,"In a deserted house, a mysterious man savors an exquisite menu in the company of an unseen guest. From this eerie dinner table, a succession of terrifying stories is revealed-each probing primal fears of hunger, flesh, and survival.",Horror,"Santiago Rios, Nicolás Melian",Aleksandr Boikov,Unknown,2025,10.0,62.5829
From Straight A's to XXX,Movie,"When a change of circumstances leaves Miriam unable to pay her college tuition, she makes a surprising decision: to start performing in adult films, using the pseudonym Belle Knox. Miriam lies to her family and her friends at school, keeping her double life a secret. But soon rumours spread and Miriam becomes the subject of vicious online attacks and unwanted attention. Miriam fights back: she talks to the media, saying her new line of work empowers her as a feminist. But her confident stand has unintended consequences. Miriam is shunned by her conservative family and her colleagues in the adult film world. One impulsive decision has quickly spiralled out of control - and Miriam's problems are just beginning.","Drama, TV Movie","Haley Pullos, Sasha Clements, Judd Nelson, Alyson Bath, Jacky Lai",Vanessa Parise,Unknown,2017,5.843,67.8833
Fuze,Movie,An unexploded WWII bomb is discovered on a busy construction site in the centre of London. Chaos ensues as the military and police begin a mass evacuation against a ticking clock.,"Action, Crime, Drama, Thriller","Aaron Taylor-Johnson, Theo James, Gugu Mbatha-Raw, Elham Ehsas, Sam Worthington",David Mackenzie,Unknown,2026,6.5,66.2483
7 Dogs,Movie,Interpol agent Khalid Al-Azzazi joins forces with Ghali Abu Dawood from the 7 Dogs crime syndicate to fight drug trafficking.,"Action, Comedy","Ahmed Ezz, Karim Abdel Aziz, Monica Bellucci, Tara Emad, Martin Lawrence",Adil El Arbi,Unknown,2026,1.0,68.9416
The Housemaid,Movie,"Trying to escape her past, Millie Calloway accepts a job as a live-in housemaid for the wealthy Nina and Andrew Winchester. But what begins as a dream job quickly unravels into something far more dangerous—a sexy, seductive game of secrets, scandal, and power.","Mystery, Thriller","Sydney Sweeney, Amanda Seyfried, Brandon Sklenar, Michele Morrone, Elizabeth Perkins",Paul Feig,Unknown,2025,7.254,68.4723
Michael Jackson: The Life of an Icon,Movie,"See Michael Jackson, one of the most recognizable and popular entertainers of all time, like never before in the feature-length tribute Michael Jackson: The Life of an Icon. Known to millions of fans worldwide for his record-breaking albums, groundbreaking music videos, mesmerizing dance moves and humanitarian efforts, his true story has never really been told...until now. This unprecedented look into the King of Pop's fascinating life includes all-new interviews with his mother Katherine Jackson as well as siblings Tito and Rebbie Jackson,  his nephew  Jaafar Jackson and niece Tahkyah brings plenty Jackson and Friends ends and music legends such as Smokey Robinson, Dionne Warwick and  his 3 children and many more.","Documentary, Music","Michael Jackson, David Gest, Tito Jackson, Rebbie Jackson, Katherine Jackson",Andrew Eastel,Unknown,2011,8.127,59.5716
Predator: Badlands,Movie,"Cast out from his clan, a young Predator finds an unlikely ally in a damaged android and embarks on a treacherous journey in search of the ultimate adversary.","Action, Science Fiction, Adventure","Elle Fanning, Dimitrius Schuster-Koloamatangi, Ravi Narayan, Michael Homick, Stefan Grube",Dan Trachtenberg,Unknown,2025,7.752,61.1673
Real Steel,Movie,"Charlie Kenton is a washed-up fighter who retired from the ring when robots took over the sport. After his robot is trashed, he reluctantly teams up with his estranged son to rebuild and train an unlikely contender.","Action, Science Fiction, Drama","Hugh Jackman, Dakota Goyo, Evangeline Lilly, Kevin Durand, Anthony Mackie",Shawn Levy,Unknown,2011,7.093,81.3263
The Sheep Detectives,Movie,"George Hardy is a shepherd who reads detective novels to his beloved sheep every night, assuming they can't possibly understand. But when a mysterious incident disrupts life on the farm, the sheep realize they must become the detectives. As they follow the clues and investigate human suspects, they prove that even sheep can be brilliant crime-solvers.","Comedy, Family, Mystery","Hugh Jackman, Julia Louis-Dreyfus, Emma Thompson, Nicholas Braun, Nicholas Galitzine",Kyle Balda,Unknown,2026,7.621,65.4416
Night Silence,Movie,"A theatre actor whose health is failing gets admitted to a nursing home. Soon, he starts having nightmares that seemingly become deceptively real. The so-called nightmares were able to make him live in two parallel dimensions.","Horror, Drama, Mystery","Maciej Damięcki, Zdzisław Wardejn, Włodzimierz Press, Anna Nehrebecka, Anna Korzeniecka",Bartosz M. Kowalski,Unknown,2024,4.667,54.3504
My Dearest Assassin,Movie,"Hunted for her rare blood type, a caged woman vows to fight alongside the assassin she loves to protect their future when an old enemy resurfaces.","Action, Drama, Romance","Pimchanok Luevisadpaibul, Thanapob Leeratanakachorn, Sivakorn Adulsuttikul, Chartayodom Hiranyatithi, Theerachai Wimolchaireuk",Taweewat Wantha,Unknown,2026,8.621,58.9076
The Unknown Man,Movie,"Louis, a Flemish writer, decides to isolate himself at the Côte d’Azur, hoping this place will bring him inspiration.",Drama,"Geert Van Rampelberg, Samuel Suchod, Anna Sacuto, Cathy Ruiz",Anthony Schatteman,Unknown,2021,7.8,64.8026
Ready or Not: Here I Come,Movie,"Moments after surviving an all-out attack from the Le Domas family, Grace discovers she’s reached the next level of the nightmarish game — and this time with her estranged sister Faith at her side. Grace has one chance to survive, keep her sister alive, and claim the High Seat of the Council that controls the world. Four rival families are hunting her for the throne, and whoever wins rules it all.","Thriller, Horror, Comedy","Samara Weaving, Kathryn Newton, Elijah Wood, Sarah Michelle Gellar, Shawn Hatosy",Matt Bettinelli-Olpin,Unknown,2026,7.701,58.0869
Monika,Movie,"Monika is young, beautiful and a virgin. She is only 16 years old, and, beside getting the attention of all her classmates, she also attracts older men. She has a relationship with a boy, Leo, but she doesn't know that he uses to pimp the girls he seduces to rich businessmen. One of Leo's client befriends Monika and becomes so obsessed that he pays Leo to get her. But Monika turns her attention to her art professor, unknowing that he too has his secrets.","Romance, Drama","Gloria Guida, Colette Descombes, Andrés Resino, Gianluigi Chirizzi, Paolo Carlini",Mario Imperoli,Unknown,1974,4.7,59.3348
Greenland 2: Migration,Movie,"Having found the safety of the Greenland bunker after the comet Clarke decimated the Earth, the Garrity family must now risk everything to embark on a perilous journey across the wasteland of Europe to find a new home.","Adventure, Thriller, Science Fiction","Gerard Butler, Morena Baccarin, Roman Griffin Davis, Tommie Earl Jenkins, Trond Fausa Aurvåg",Ric Roman Waugh,Unknown,2026,6.4,63.8755
Ne Zha 2,Movie,"After a catastrophic event leaves their bodies destroyed, Ne Zha and Ao Bing are granted a fragile second chance at life. As tensions rise between the dragon clans and celestial forces, the two must undergo a series of perilous trials that will test their bond, challenge their identities, and decide the fate of both mortals and immortals.","Animation, Action, Fantasy, Adventure","Lu Yanting, Joseph, Han Mo, Chen Hao, Lu Qi",Jiao Zi,Unknown,2025,8.171,68.9547
Sundutan,Movie,"A hole on the wall accidentally connects two women emotionally and physically. Forbidden love, greed, betrayal... what lies beyond the hole? And for how long can they keep covering it up?",Drama,"Allison Ross, Jade Esguerra, Mark Dionisio, Zia Zamora, Primo Angeles",Rodante Pajemna Jr.,Unknown,2026,4.0,58.0072
Dracula,Movie,"In late 15th-century Eastern Europe, Prince Vlad II’s bride is brutally murdered. As a result, he renounces God and damns Heaven itself. Cursed with eternal life, Vlad is reborn as Dracula, an immortal warlord who defies fate in a blood-soaked crusade to wrench his lost love back from death.","Horror, Fantasy, Romance","Caleb Landry Jones, Zoë Bleu Sidel, Christoph Waltz, Matilda De Angelis, Ewens Abid",Luc Besson,Unknown,2025,7.123,58.5461
War of the Worlds,Movie,"Will Radford is a top analyst for Homeland Security who tracks potential threats through a mass surveillance program, until one day an attack by an unknown entity leads him to question whether the government is hiding something from him... and from the rest of the world.","Science Fiction, Thriller","Ice Cube, Eva Longoria, Clark Gregg, Iman Benson, Henry Hunter Hall",Rich Lee,Unknown,2025,4.105,58.527
Virgin,Movie,"Iris, an 18-year old virgin marries Joaquin, a rich widower, because of money. However, when he learns that Iris is not really a virgin, their honeymoon turns to a bloodbath.","Drama, Romance","Dyessa Garcia, Arnold Reyes, Anthony Dabao, Allan Paule, Tanya Gomez",Christopher Novabos,Unknown,2024,6.591,58.1323
Drishyam 3,Movie,"To protect his family and their dark secret, Georgekutty faces an organized new threat. As walls close in and cracks widen, how much more is he willing to sacrifice ?","Crime, Drama, Thriller","Mohanlal, Meena, Siddique, Asha Sarath, Murali Gopy",Jeethu Joseph,Unknown,2026,7.75,57.2973
Bingo Bongo,Movie,"The ape-man, found somewhere in the jungles of Congo, transferred to Milan and named Bingo Bongo. The only one who believes in the human qualities of him is Laura, a woman anthropologist , so their affection for each other even grows to love.",Comedy,"Adriano Celentano, Carole Bouquet, Felice Andreasi, Enzo Robutti, Walter D'Amore",Pasquale Festa Campanile,Unknown,1982,5.707,56.0094
Dime lo que quieres (de verdad),Movie,"Diego and Emilia are a conservative couple with 16 years of marriage who have lost the spark, until Tomás and Betina rescue them and introduce them to the forbidden world, changing what they know about intimacy, relationships, and sex.","Romance, Drama, Comedy","Tony Dalton, Stephanie Cayo, Angie Cepeda, Manolo Cardona, Sebastián Garcia",Bruno Ascenzo,Unknown,2023,7.629,55.8801
KD – The Devil,Movie,"In the early 1970s, a petty criminal Kaali unwittingly involves himself with underworld thugs, catalyzing events beyond his control.","History, Crime, Action, Fantasy","Dhruva Sarja, Shilpa Shetty Kundra, Sanjay Dutt, Reeshma Nanaiah, V. Ravichandran",Prem,Unknown,2026,5.0,55.7937
Send Help,Movie,"Two colleagues become stranded on a deserted island, the only survivors of a plane crash. On the island, they must overcome past grievances and work together to survive, but ultimately, it's a battle of wills and wits to make it out alive.","Horror, Thriller, Comedy","Rachel McAdams, Dylan O'Brien, Edyll Ismail, Dennis Haysbert, Xavier Samuel",Sam Raimi,Unknown,2026,7.041,55.7393
The Avengers,Movie,"When an unexpected enemy emerges and threatens global safety and security, Nick Fury, director of the international peacekeeping agency known as S.H.I.E.L.D., finds himself in need of a team to pull the world back from the brink of disaster. Spanning the globe, a daring recruitment effort begins!","Science Fiction, Action, Adventure","Robert Downey Jr., Chris Evans, Mark Ruffalo, Chris Hemsworth, Scarlett Johansson",Joss Whedon,Unknown,2012,8.034,55.413
Raja Shivaji,Movie,"Chronicles the rise of young Shivaji Bhonsale, who challenged the might of established empires to found the Maratha kingdom and lay the groundwork for 'Swarajya' (self-rule) during a turbulent period of Indian history.","Action, History, Drama","Riteish Deshmukh, Sanjay Dutt, Abhishek Bachchan, Mahesh Manjrekar, Sachin Khedekar",Riteish Deshmukh,Unknown,2026,9.0,55.0795
Disclosure Day,Movie,"If you found out we weren’t alone, if someone showed you, proved it to you, would that frighten you?","Mystery, Science Fiction, Thriller","Emily Blunt, Josh O'Connor, Colin Firth, Eve Hewson, Colman Domingo",Steven Spielberg,Unknown,2026,0.0,54.4224
The Devil Wears Prada 2,Movie,"Andy Sachs returns to Runway as Miranda Priestly navigates a new media landscape and Runway's position within. The duo reconnect with former assistant Emily Charlton, now the head of a luxury brand that possesses funding which could ensure Runway's survival.","Comedy, Drama","Meryl Streep, Anne Hathaway, Emily Blunt, Stanley Tucci, Kenneth Branagh",David Frankel,Unknown,2026,6.6,53.9372
My Fault,Movie,"Noah must leave her city, boyfriend, and friends to move into William Leister's mansion, the flashy and wealthy husband of her mother Rafaela. As a proud and independent 17 year old, Noah resists living in a mansion surrounded by luxury. However, it is there where she meets Nick, her new stepbrother, and the clash of their strong personalities becomes evident from the very beginning.","Drama, Romance, Thriller","Nicole Wallace, Gabriel Guevara, Marta Hazas, Iván Sánchez, Eva Ruiz",Domingo González,Unknown,2023,7.736,53.3579
They Will Kill You,Movie,"A woman answers a help wanted ad to be a housekeeper in a mysterious New York City high-rise, unaware that she is entering a community that has seen a number of disappearances over the years and may be under the grip of a Satanic cult.","Action, Comedy, Horror","Zazie Beetz, Myha'la, Patricia Arquette, Paterson Joseph, Heather Graham",Kirill Sokolov,Unknown,2026,7.0,53.1249
Crime 101,Movie,"When an elusive thief whose high-stakes heists unfold along the iconic 101 freeway in Los Angeles eyes the score of a lifetime, with hopes of this being his final job, his path collides with a disillusioned insurance broker who is facing her own crossroads. Determined to crack the case, a relentless detective closes in on the operation, raising the stakes even higher.","Crime, Thriller","Chris Hemsworth, Mark Ruffalo, Halle Berry, Barry Keoghan, Monica Barbaro",Bart Layton,Unknown,2026,6.983,52.2674
Bosco d'amore,Movie,"The time is the mid-14th century --- the Pope is now residing at Avignon, the Black Death is killing millions across Europe, and civil wars are adding to the turmoil and chaos. In this story adapted from Giovanni Boccaccio's Decameron, a young teenage couple is sent to live in a nearby town by the man's uncle, in an attempt to keep them safe from harm. She is from the lower classes, and he comes from a noble family -- a family that opposes his choice of a future bride. While en route to the town, the couple's horses are stolen and they are forced to continue through the forest on foot -- at a pace that introduces them to a kaleidoscope of Boccaccio's characters, from masters of mysticism, to soldiers of the warring Papal armies. Somehow, the couple manage to get through this gauntlet of sorts, and they do marry. Just as they are ready to go back to Rome, they hear that there is an insurrection in the offing, and suddenly, their brief spate of stability is threatened again.","Drama, Romance","Monica Guerritore, Rodolfo Bigotti, Stanko Molnar, William Berger, Chris Avram",Alberto Bevilacqua,Unknown,1981,4.667,52.1495
Apocalypto,Movie,"Set in the Mayan civilization, when a man's idyllic presence is brutally disrupted by a violent invading force, he is taken on a perilous journey to a world ruled by fear and oppression where a harrowing end awaits him. Through a twist of fate and spurred by the power of his love for his woman and his family he will make a desperate break to return home and to ultimately save his way of life.","Action, Drama, History","Rudy Youngblood, Raoul Max Trujillo, Gerardo Taracena, Iazua Larios, Antonio Monroy",Mel Gibson,Unknown,2006,7.628,51.5997
The Drama,Movie,A happily engaged couple is put to the test when an unexpected turn sends their wedding week off the rails.,"Romance, Comedy, Drama","Zendaya, Robert Pattinson, Mamoudou Athie, Alana Haim, Jordyn Curet",Kristoffer Borgli,Unknown,2026,6.938,51.4812
Avengers: Infinity War,Movie,"As the Avengers and their allies have continued to protect the world from threats too large for any one hero to handle, a new danger has emerged from the cosmic shadows: Thanos. A despot of intergalactic infamy, his goal is to collect all six Infinity Stones, artifacts of unimaginable power, and use them to inflict his twisted will on all of reality. Everything the Avengers have fought for has led up to this moment - the fate of Earth and existence itself has never been more uncertain.","Adventure, Action, Science Fiction","Robert Downey Jr., Chris Evans, Chris Hemsworth, Josh Brolin, Mark Ruffalo",Joe Russo,Unknown,2018,8.236,51.2203
Fifty Shades Freed,Movie,"Believing they have left behind shadowy figures from their past, newlyweds Christian and Ana fully embrace an inextricable connection and shared life of luxury. But just as she steps into her role as Mrs. Grey and he relaxes into an unfamiliar stability, new threats could jeopardize their happy ending before it even begins.","Drama, Romance","Dakota Johnson, Jamie Dornan, Eric Johnson, Eloise Mumford, Rita Ora",James Foley,Unknown,2018,6.675,50.6839
FROM,TV Show,"Unravel the mystery of a nightmarish town in middle America that traps all those who enter. As the unwilling residents fight to keep a sense of normalcy and search for a way out, they must also survive the threats of the surrounding forest – including the terrifying creatures that come out when the sun goes down.","Mystery, Drama, Sci-Fi & Fantasy","Harold Perrineau, Catalina Sandino Moreno, Ricky He, David Alpay, Chloe Van Landschoot",Unknown,Unknown,2022,8.433,781.7997
Off Campus,TV Show,"Hannah Wells tutors hockey captain Garrett Graham to win over her crush. Their deal becomes real connection as they face their pasts. Friends Logan, Dean, Tucker, and Allie navigate college life and love.",Drama,"Ella Bright, Belmont Cameli, Mika Abdalla, Stephen Kalyn, Jalen Thomas Brooks",Unknown,Unknown,2026,9.076,716.3584
Spider-Noir,TV Show,"Ben Reilly, an aging and down on his luck private investigator in 1930s New York, is forced to grapple with his past life as the city's one and only superhero.","Crime, Drama, Mystery","Nicolas Cage, Lamorne Morris, Li Jun Li, Karen Rodriguez, Abraham Popoola",Unknown,Unknown,2026,8.797,629.6089
The Boys,TV Show,A group of vigilantes known informally as “The Boys” set out to take down corrupt superheroes with no more than blue-collar grit and a willingness to fight dirty.,"Sci-Fi & Fantasy, Action & Adventure","Karl Urban, Jack Quaid, Antony Starr, Erin Moriarty, Laz Alonso",Unknown,Unknown,2019,8.455,573.4888
Home and Away,TV Show,"Home and Away is set in the fictional town of Summer Bay, a coastal town in New South Wales, and follows the personal and professional lives of the people living in the area. The show initially focused on the Fletcher family, Pippa and Tom Fletcher and their five foster children Frank Morgan, Carly Morris, Steven Matheson, Lynn Davenport and Sally Keating, who would go on to become one of the show's longest-running characters. The show also originally and currently focuses on the Stewart family. Home and Away had proved popular when it premiered in 1988 and had risen to become a hit in Australia, and after only a few weeks, the show tackled its first major and disturbing storyline, the rape of Carly Morris; it was one of the first shows to feature such storylines during the early timeslot. H&A has tackled many adult-themed and controversial storylines; something rarely found in its restricted timeslot.","Drama, Soap","Ray Meagher, Ada Nicodemou, Emily Symons, Shane Withington, James Stewart",Unknown,Unknown,1988,6.3,390.8415
Law & Order: Special Victims Unit,TV Show,"In the criminal justice system, sexually-based offenses are considered especially heinous. In New York City, the dedicated detectives who investigate these vicious felonies are members of an elite squad known as the Special Victims Unit. These are their stories.","Crime, Drama, Mystery","Mariska Hargitay, Ice-T, Kelli Giddish, Peter Scanavino, Aimé Donna Kelly",Unknown,Unknown,1999,7.945,328.6479
The Rookie,TV Show,"Starting over isn't easy, especially for small-town guy John Nolan who, after a life-altering incident, is pursuing his dream of being an LAPD officer. As the force's oldest rookie, he's met with skepticism from some higher-ups who see him as just a walking midlife crisis.","Crime, Drama, Comedy","Nathan Fillion, Melissa O'Neil, Eric Winter, Alyssa Diaz, Mekia Cox",Unknown,Unknown,2018,8.545,290.2135
Law & Order,TV Show,"In cases ripped from the headlines, police investigate serious and often deadly crimes, weighing the evidence and questioning the suspects until someone is taken into custody. The district attorney's office then builds a case to convict the perpetrator by proving the person guilty beyond a reasonable doubt. Working together, these expert teams navigate all sides of the complex criminal justice system to make New York a safer place.","Crime, Drama","Reid Scott, Maura Tierney, Tony Goldwyn, Hugh Dancy, Odelya Halevi",Unknown,Unknown,1990,7.318,288.0094
Grey's Anatomy,TV Show,Follows the personal and professional lives of a group of doctors at Seattle's Grey Sloan Memorial Hospital.,Drama,"Ellen Pompeo, Chandra Wilson, James Pickens Jr., Caterina Scorsone, Camilla Luddington",Unknown,Unknown,2005,8.209,285.9021
Euphoria,TV Show,"A group of high school students navigate love and friendships in a world of drugs, sex, trauma, and social media.",Drama,"Zendaya, Hunter Schafer, Sydney Sweeney, Jacob Elordi, Alexa Demie",Unknown,Unknown,2019,8.29,273.4051
Tagesschau,TV Show,"German daily news program, the oldest still existing program on German television.",News,,Unknown,Unknown,1952,6.759,263.9937
Supernatural,TV Show,"When they were boys, Sam and Dean Winchester lost their mother to a mysterious and demonic supernatural force. Subsequently, their father raised them to be soldiers. He taught them about the paranormal evil that lives in the dark corners and on the back roads of America ... and he taught them how to kill it. Now, the Winchester brothers crisscross the country in their '67 Chevy Impala, battling every kind of supernatural threat they encounter along the way. ","Drama, Mystery, Sci-Fi & Fantasy","Jared Padalecki, Jensen Ackles, Misha Collins",Unknown,Unknown,2005,8.3,261.8739
NCIS,TV Show,"From murder and espionage to terrorism and stolen submarines, a team of special agents investigates any crime that has any connection to Navy and Marine Corps personnel, regardless of rank or position.","Crime, Drama, Action & Adventure","Sean Murray, Wilmer Valderrama, Katrina Law, Brian Dietzen, Rocky Carroll",Unknown,Unknown,2003,7.621,233.3959
Criminal Minds,TV Show,"An elite team of FBI profilers analyze the country's most twisted criminal minds, anticipating their next moves before they strike again. The Behavioral Analysis Unit's most experienced agent is David Rossi, a founding member of the BAU who returns to help the team solve new cases.","Crime, Drama, Mystery","Joe Mantegna, Paget Brewster, Adam Rodriguez, Kirsten Vangsness, A.J. Cook",Unknown,Unknown,2005,8.3,225.9944
The Tonight Show Starring Johnny Carson,TV Show,"The Tonight Show Starring Johnny Carson is a talk show hosted by Johnny Carson under The Tonight Show franchise from 1962 to 1992. It originally aired during late-night. For its first ten years, Carson's Tonight Show was based in New York City with occasional trips to Burbank, California; in May 1972, the show moved permanently to Burbank, California. In 2002, The Tonight Show Starring Johnny Carson was ranked #12 on TV Guide's 50 Greatest TV Shows of All Time.",Talk,Johnny Carson,Unknown,Unknown,1962,7.533,224.1423
Game of Thrones,TV Show,"Seven noble families fight for control of the mythical land of Westeros. Friction between the houses leads to full-scale war. All while a very ancient evil awakens in the farthest north. Amidst the war, a neglected military order of misfits, the Night's Watch, is all that stands between the realms of men and icy horrors beyond.","Sci-Fi & Fantasy, Drama, Action & Adventure","Peter Dinklage, Kit Harington, Nikolaj Coster-Waldau, Lena Headey, Emilia Clarke",Unknown,Unknown,2011,8.462,221.3989
Running Man,TV Show,"These days, as variety shows are gradually disappearing, this is one of Korea’s representative variety shows that has been responsible for Sunday evenings for over 10 years. This program features numerous stars and members going around various places, playing games, and completing missions. In particular, among the many fun elements of variety shows, this one focuses solely on laughter.

Open your eyes! Big fun is coming in!

Open your mouth! Big laughter is coming in!

Open your heart! Useful lessons are coming in!","Comedy, Reality","Yoo Jae-suk, Jee Seok-jin, Kim Jong-kook, Haha, Song Ji-hyo",Unknown,Unknown,2010,8.2,217.9629
Family Guy,TV Show,"Sick, twisted, politically incorrect and Freakin' Sweet animated series featuring the adventures of the dysfunctional Griffin family. Bumbling Peter and long-suffering Lois have three kids. Stewie (a brilliant but sadistic baby bent on killing his mother and taking over the world), Meg (the oldest, and is the most unpopular girl in town) and Chris (the middle kid, he's not very bright but has a passion for movies). The final member of the family is Brian - a talking dog and much more than a pet, he keeps Stewie in check whilst sipping Martinis and sorting through his own life issues.","Animation, Comedy","Seth MacFarlane, Alex Borstein, Mila Kunis, Seth Green, Patrick Warburton",Unknown,Unknown,1999,7.399,200.0739
The Mentalist,TV Show,"Patrick Jane, a former celebrity psychic medium, uses his razor sharp skills of observation and expertise at ""reading"" people to solve serious crimes with the California Bureau of Investigation.","Crime, Drama, Mystery","Simon Baker, Robin Tunney, Tim Kang, Rockmond Dunbar, Joe Adler",Unknown,Unknown,2008,8.4,199.4832
Watch What Happens Live with Andy Cohen,TV Show,Bravo network executive Andy Cohen discusses pop culture topics with celebrities and reality show personalities.,"Talk, Comedy",Andy Cohen,Unknown,Unknown,2009,5.0,194.8379
Bones,TV Show,"Dr. Temperance Brennan and her colleagues at the Jeffersonian's Medico-Legal Lab assist Special Agent Seeley Booth with murder investigations when the remains are so badly decomposed, burned or destroyed that the standard identification methods are useless.","Crime, Drama","Emily Deschanel, David Boreanaz, John Boyd, Michaela Conlin, Tamara Taylor",Unknown,Unknown,2005,8.2,178.8927
Berlin and the Lady with an Ermine,TV Show,"Hungry for a new heist, Berlin summons the gang to Seville and turns an ambitious duke into the victim of his own plan: to steal a da Vinci masterpiece.","Drama, Crime, Action & Adventure, Comedy","Pedro Alonso, Michelle Jenner, Tristán Ulloa, Begoña Vargas, Julio Peña",Unknown,Unknown,2026,8.4,178.1466
The Tonight Show Starring Jimmy Fallon,TV Show,"After Jay Leno's second retirement from the program, Jimmy Fallon stepped in as his permanent replacement. After 42 years in Los Angeles the program was brought back to New York.","Comedy, Talk","Jimmy Fallon, Steve Higgins",Unknown,Unknown,2014,5.86,172.0657
The Simpsons,TV Show,"Set in Springfield, the average American town, the show focuses on the antics and everyday adventures of the Simpson family; Homer, Marge, Bart, Lisa and Maggie, as well as a virtual cast of thousands. Since the beginning, the series has been a pop culture icon, attracting hundreds of celebrities to guest star. The show has also made name for itself in its fearless satirical take on politics, media and American life in general.","Family, Animation, Comedy","Dan Castellaneta, Julie Kavner, Nancy Cartwright, Yeardley Smith, Hank Azaria",Unknown,Unknown,1989,8.018,170.7895
CSI: Crime Scene Investigation,TV Show,"A Las Vegas team of forensic investigators are trained to solve criminal cases by scouring the crime scene, collecting irrefutable evidence and finding the missing pieces that solve the mystery.","Crime, Drama, Mystery","Ted Danson, George Eads, Jorja Fox, Eric Szmanda, Robert David Hall",Unknown,Unknown,2000,7.637,168.8349
Rick and Morty,TV Show,Follows a sociopathic genius scientist who drags his inherently timid grandson on adventures across the universe.,"Animation, Comedy, Sci-Fi & Fantasy, Action & Adventure","Chris Parnell, Spencer Grammer, Sarah Chalke, Ian Cardoni, Harry Belden",Unknown,Unknown,2013,8.677,165.5936
Yellowstone,TV Show,"Follow the violent world of the Dutton family, who controls the largest contiguous ranch in the United States. Led by their patriarch John Dutton, the family defends their property against constant attack by land developers, an Indian reservation, and America’s first National Park.","Western, Drama","Luke Grimes, Kelly Reilly, Wes Bentley, Cole Hauser, Kelsey Asbille",Unknown,Unknown,2018,8.262,165.3128
Breaking Bad,TV Show,"Walter White, a New Mexico chemistry teacher, is diagnosed with Stage III cancer and given a prognosis of only two years left to live. He becomes filled with a sense of fearlessness and an unrelenting desire to secure his family's financial future at any cost as he enters the dangerous world of drugs and crime.","Drama, Crime","Bryan Cranston, Aaron Paul, Anna Gunn, RJ Mitte, Dean Norris",Unknown,Unknown,2008,8.946,163.0162
The Late Show with Stephen Colbert,TV Show,"Stephen Colbert brings his signature satire and comedy to The Late Show with Stephen Colbert, the #1 show in late night, where he talks with an eclectic mix of guests about what is new and relevant in the worlds of politics, entertainment, business, music, technology, and more. Featuring bandleader Jon Batiste with his band Stay Human, the Emmy Award-nominated show is broadcast from the historic Ed Sullivan Theater.","Comedy, Talk",Stephen Colbert,Unknown,Unknown,2015,6.1,162.6361
The Daily Show,TV Show,"The World's Fakest News Team tackle the biggest stories in news, politics and pop culture.","News, Comedy",,Unknown,Unknown,1996,6.415,162.0208
Midsomer Murders,TV Show,"The peacefulness of the Midsomer community is shattered by violent crimes, suspects are placed under suspicion, and it is up to a veteran DCI and his young sergeant to calmly and diligently eliminate the innocent and ruthlessly pursue the guilty. ","Crime, Drama, Mystery","Neil Dudgeon, Nick Hendrix, Fiona Dolman, Annette Badland",Unknown,Unknown,1997,7.5,160.7548
Dutton Ranch,TV Show,"Rip Wheeler and Beth Dutton gamble everything on a new life in South Texas, but the promise of building a future far from the ghosts of Yellowstone quickly collides with brutal new realities and a rival ranch that will stop at nothing to protect its empire.","Western, Drama","Kelly Reilly, Cole Hauser, Finn Little, Juan Pablo Raba, Jai Courtney",Unknown,Unknown,2026,9.359,159.4967
House,TV Show,"Dr. Gregory House, a drug-addicted, unconventional, misanthropic medical genius, leads a team of diagnosticians at the fictional Princeton–Plainsboro Teaching Hospital in New Jersey.",Drama,"Hugh Laurie, Robert Sean Leonard, Omar Epps, Jesse Spencer, Odette Annable",Unknown,Unknown,2004,8.568,157.4801
Shameless,TV Show,"Chicagoan Frank Gallagher is the proud single dad of six smart, industrious, independent kids, who without him would be... perhaps better off. When Frank's not at the bar spending what little money they have, he's passed out on the floor. But the kids have found ways to grow up in spite of him. They may not be like any family you know, but they make no apologies for being exactly who they are.","Drama, Comedy","William H. Macy, Jeremy Allen White, Ethan Cutkosky, Shanola Hampton, Steve Howey",Unknown,Unknown,2011,8.161,157.3838
The Blacklist,TV Show,"Raymond ""Red"" Reddington, one of the FBI's most wanted fugitives, surrenders in person at FBI Headquarters in Washington, D.C. He claims that he and the FBI have the same interests: bringing down dangerous criminals and terrorists. In the last two decades, he's made a list of criminals and terrorists that matter the most but the FBI cannot find because it does not know they exist. Reddington calls this ""The Blacklist"". Reddington will co-operate, but insists that he will speak only to Elizabeth Keen, a rookie FBI profiler.","Drama, Crime, Mystery","James Spader, Diego Klattenhoff, Hisham Tawfiq, Anya Banerjee, Harry Lennix",Unknown,Unknown,2013,7.635,154.4078
American Dad!,TV Show,"The series focuses on an eccentric motley crew that is the Smith family and their three housemates: Father, husband, and breadwinner Stan Smith; his better half housewife, Francine Smith; their college-aged daughter, Hayley Smith; and their high-school-aged son, Steve Smith. Outside of the Smith family, there are three additional main characters, including Hayley's boyfriend turned husband, Jeff Fischer; the family's man-in-a-goldfish-body pet, Klaus; and most notably the family's zany alien, Roger, who is ""full of masquerades, brazenness, and shocking antics.""","Animation, Comedy","Seth MacFarlane, Wendy Schaal, Rachael MacFarlane, Scott Grimes, Dee Bradley Baker",Unknown,Unknown,2005,7.005,153.7815
Stranger Things,TV Show,"When a young boy vanishes, a small town uncovers a mystery involving secret experiments, terrifying supernatural forces, and one strange little girl.","Action & Adventure, Mystery, Sci-Fi & Fantasy","Winona Ryder, David Harbour, Millie Bobby Brown, Finn Wolfhard, Gaten Matarazzo",Unknown,Unknown,2016,8.566,149.2236
Late Night with Seth Meyers,TV Show,"Seth Meyers, who is ""Saturday Night Live's"" longest serving anchor on the show's wildly popular ""Weekend Update,"" takes over as host of NBC's ""Late Night"" — home to A-list celebrity guests, memorable comedy and the best in musical talent. As the Emmy Award-winning head writer for ""SNL,"" Meyers has established a reputation for sharp wit and perfectly timed comedy, and has gained fame for his spot-on jokes and satire. Meyers takes his departure from ""SNL"" to his new post at ""Late Night,"" as Jimmy Fallon moves to ""The Tonight Show"".","Talk, Comedy",Seth Meyers,Unknown,Unknown,2014,5.2,143.5361
Overflow,TV Show,"Kazushi Sudou is a university student who is visited by his two childhood friends, the sisters Ayane and Kotone Shirakawa. When Ayane discovers that Kazushi not only forgot to buy her pudding but is also using her special lotion in the bath, she decides to take revenge and join Kazushi in his bath along with Kotone. Will the perverted Kazushi be able to remain indifferent to them both?",Animation,"Mai Kadowaki, Tomoe Tamiyasu, Sada Naohiro",Unknown,Unknown,2020,7.4,141.7384
JUJUTSU KAISEN,TV Show,"Yuji Itadori is a boy with tremendous physical strength, though he lives a completely ordinary high school life. One day, to save a classmate who has been attacked by curses, he eats the finger of Ryomen Sukuna, taking the curse into his own soul. From then on, he shares one body with Ryomen Sukuna. Guided by the most powerful of sorcerers, Satoru Gojo, Itadori is admitted to Tokyo Jujutsu High School, an organization that fights the curses... and thus begins the heroic tale of a boy who became a curse to exorcise a curse, a life from which he could never turn back.","Animation, Action & Adventure, Sci-Fi & Fantasy",,Unknown,Unknown,2020,8.567,141.1453
"Goede Tijden, Slechte Tijden",TV Show,"Goede tijden, slechte tijden, also known as GTST, is the longest-running Dutch soap opera,  revolving around the lives of the families Alberts, Sanders, De Jong, Van Houten and Bouwhuis. It all takes place in the fictional town of Meerdijk.",Soap,Jolijn Henneman,Unknown,Unknown,1990,5.31,116.5857
S.W.A.T.,TV Show,"A Los Angeles S.W.A.T. sergeant is assigned to lead a highly skilled unit in the community where he grew up. Torn between loyalty to the streets, where the cops are sometimes the enemy, and allegiance to his brothers in blue, he strategically straddles the two worlds.","Crime, Action & Adventure, Drama","Shemar Moore, Jay Harrington, David Lim, Patrick St. Esprit, Anna Enger Ritch",Unknown,Unknown,2017,8.042,142.9424
Smallville,TV Show,The origins of the world’s greatest hero–from Krypton refugee Kal-el’s arrival on Earth through his tumultuous teen years to Clark Kent’s final steps toward embracing his destiny as the Man of Steel.,"Sci-Fi & Fantasy, Action & Adventure, Drama","Tom Welling, Erica Durance, Cassidy Freeman, Justin Hartley",Unknown,Unknown,2001,8.2,139.8647
The Flash,TV Show,"After being struck by lightning, CSI investigator Barry Allen awakens from a nine-month coma to discover he has been  granted the gift of super speed.  Teaming up with S.T.A.R. Labs, Barry takes on the persona of The Flash, the Fastest  Man Alive, to protect his city.","Drama, Sci-Fi & Fantasy","Grant Gustin, Candice Patton, Danielle Panabaker, Danielle Nicolet, Kayla Compton",Unknown,Unknown,2014,7.76,132.8233
Kamen Rider,TV Show,"Takeshi Hongo is a promising young man with a passion for motorcycle racing. However, his dreams are suddenly ruined when he gets kidnapped by Shocker, the evil secret organization planning to dominate the world. After being remodeled into a cyborg, Takeshi escapes and swears to protect the world from the inhuman monsters.","Action & Adventure, Sci-Fi & Fantasy, Drama","Ryutaro Imai, Maho Horiguchi, Kenta Mishima, Rina Onuki, Miki Yagi",Unknown,Unknown,1971,6.389,143.2134
A Dream Within a Dream,TV Show,"When Song Xiaoyu is unexpectedly pulled into a scripted world as a tragic heroine fated to be discarded by the villainous male lead, she tries to escape, only to be trapped in an endless loop of fatal outcomes each time she strays from the plot. No matter how hard she resists, the story keeps pushing her toward Nan Heng, the cold and calculating lead. As she navigates this paper-thin world where every character is bound by fate, Song Xiaoyu must fight not just for her survival, but for control over her own story.",Drama,"Li Yitong, Liu Yuning, Zhu Xudan, Riley Wang, Wang Youshuo",Unknown,Unknown,2025,8.1,129.0977
Miraculous: Tales of Ladybug & Cat Noir,TV Show,"Marinette and Adrien, two Parisian teenagers, are entrusted with powerful jewels in order to transform into superheroes Ladybug and Cat Noir. But neither hero knows the other's true identity — or that they're classmates!","Action & Adventure, Animation, Kids","Anouck Hautbois, Benjamin Bollen, Marie Nonnenmacher, Thierry Kazazian",Unknown,Unknown,2015,8.055,123.3332
Friends,TV Show,"Six young people from New York City, on their own and struggling to survive in the real world, find the companionship, comfort and support they get from each other to be the perfect antidote to the pressures of life.",Comedy,"Jennifer Aniston, Courteney Cox, Lisa Kudrow, Matt LeBlanc, Matthew Perry",Unknown,Unknown,1994,8.4,129.4537
Modern Family,TV Show,"The Pritchett-Dunphy-Tucker clan is a wonderfully large and blended family. They give us an honest and often hilarious look into the sometimes warm, sometimes twisted, embrace of the modern family.",Comedy,"Ed O'Neill, Sofía Vergara, Julie Bowen, Ty Burrell, Jesse Tyler Ferguson",Unknown,Unknown,2009,7.909,123.9633
Suits,TV Show,"While running from a drug deal gone bad, Mike Ross, a brilliant young college-dropout, slips into a job interview with one of New York City's best legal closers, Harvey Specter. Tired of cookie-cutter law school grads, Harvey takes a gamble by hiring Mike on the spot after he recognizes his raw talent and photographic memory.",Drama,"Gabriel Macht, Rick Hoffman, Sarah Rafferty, Amanda Schull, Dulé Hill",Unknown,Unknown,2011,8.217,127.2217
Blue Bloods,TV Show,"A drama about a multi-generational family of cops dedicated to New York City law enforcement. Frank Reagan is the New York Police Commissioner and heads both the police force and the Reagan brood. He runs his department as diplomatically as he runs his family, even when dealing with the politics that plagued his unapologetically bold father, Henry, during his stint as Chief.","Crime, Drama","Tom Selleck, Donnie Wahlberg, Bridget Moynahan, Will Estes, Len Cariou",Unknown,Unknown,2010,7.8,121.3724
CSI: Miami,TV Show,"The show follows Crime Scene Investigators working for the Miami-Dade Police Department as they use physical evidence, similar to their Las Vegas counterparts, to solve grisly murders. The series mixes deduction, gritty subject matter, and character-driven drama in the same vein as the original series in the CSI franchise, except that the Miami CSIs are cops first, scientists second.","Drama, Mystery, Crime","David Caruso, Emily Procter, Omar Benson Miller, Jonathan Togo, Adam Rodriguez",Unknown,Unknown,2002,7.705,121.8296
Natural High,TV Show,Come and join Shen Teng and his friends as they step away from the bustling crowded cities and reconnect with the beautiful wild nature.,"Reality, Comedy","Teng Shen, Adam Fan, Wang Anyu, Johnny Huang",Unknown,Unknown,2023,7.5,121.4621
Chicago Fire,TV Show,"An edge-of-your-seat view into the lives of everyday heroes committed to one of America's noblest professions. For the firefighters, rescue squad and paramedics of Chicago Firehouse 51, no occupation is more stressful or dangerous, yet so rewarding and exhilarating. These courageous men and women are among the elite who forge headfirst into danger when everyone else is running the other way and whose actions make the difference between life and death.",Drama,"Taylor Kinney, David Eigenberg, Joe Miñoso, Christian Stolte, Miranda Rae Mayo",Unknown,Unknown,2012,8.4,125.7144
The Office,TV Show,"The everyday lives of office employees in the Scranton, Pennsylvania branch of the fictional Dunder Mifflin Paper Company.",Comedy,"Rainn Wilson, John Krasinski, Jenna Fischer, Ed Helms",Unknown,Unknown,2005,8.587,119.9148
The Walking Dead,TV Show,Sheriff's deputy Rick Grimes awakens from a coma to find a post-apocalyptic world dominated by flesh-eating zombies. He sets out to find his family and encounters many other survivors along the way.,"Action & Adventure, Drama, Sci-Fi & Fantasy","Lauren Cohan, Norman Reedus, Jeffrey Dean Morgan, Melissa McBride, Christian Serratos",Unknown,Unknown,2010,8.084,119.5438
Keep Running,TV Show,"Hurry Up, Brother! is a Chinese variety show based off the original Korean variety show, Running Man. It is created by SBS and co-produced with Zhejiang Television. It first aired on October 10, 2014. This show is classified as a game-variety show, where the MCs and guests complete missions in a landmark to win a race. In 2017, the show officially changed its name to ""Keep Running"".","Comedy, Reality","Jerry Lee, Ryan Zheng Kai, Sha Yi, Adam Fan, Zhang Zhenyuan",Unknown,Unknown,2014,5.75,126.8395
Hawaii Five-0,TV Show,"Steve McGarrett returns home to Oahu, in order to find his father's killer. The governor offers him the chance to run his own task force (Five-0). Steve's team is joined by Chin Ho Kelly, Danny ""Danno"" Williams, and Kono Kalakaua.","Crime, Drama, Action & Adventure","Alex O'Loughlin, Scott Caan, Ian Anthony Dale, Meaghan Rath, Beulah Koale",Unknown,Unknown,2010,7.735,111.8471
Dexter,TV Show,"Dexter Morgan, a blood spatter pattern analyst for the Miami Metro Police also leads a secret life as a serial killer, hunting down criminals who have slipped through the cracks of justice.","Crime, Drama, Mystery","Michael C. Hall, Jennifer Carpenter, Geoff Pierson, David Zayas, James Remar",Unknown,Unknown,2006,8.234,116.7526
Prison Break,TV Show,"Due to a political conspiracy, an innocent man is sent to death row and his only hope is his brother, who makes it his mission to deliberately get himself sent to the same prison in order to break the both of them out, from the inside out.","Action & Adventure, Crime, Drama","Wentworth Miller, Dominic Purcell, Sarah Wayne Callies, Paul Adelstein, Rockmond Dunbar",Unknown,Unknown,2005,8.071,117.9893
Late Show with David Letterman,TV Show,"David Letterman uses mature humor to appeal to his audience in this weeknight series, which gets its music from a house band led by Paul Shaffer. Among the show's most-famous segments are the Top Ten List and Stupid Pet Tricks, the latter of which subsequently led to an additional recurring segment called Stupid Human Tricks.","Talk, Comedy","David Letterman, Paul Shaffer, Alan Kalter",Unknown,Unknown,1993,6.439,126.5685
Raw,TV Show,"A regularly scheduled, live, year-round program featuring some of the biggest WWE Superstars.",Reality,,Unknown,Unknown,1993,6.832,128.4427
Law & Order: Criminal Intent,TV Show,The third installment of the “Law & Order” franchise takes viewers deep into the minds of its criminals while following the intense psychological approaches the Major Case Squad uses to solve its crimes.,Drama,"Vincent D'Onofrio, Kathryn Erbe, Julia Ormond, Jay O. Sanders",Unknown,Unknown,2001,7.6,107.926
Peaky Blinders,TV Show,"A gangster family epic set in 1919 Birmingham, England and centered on a gang who sew razor blades in the peaks of their caps, and their fierce boss Tommy Shelby, who means to move up in the world.","Drama, Crime","Cillian Murphy, Paul Anderson, Sophie Rundle, Natasha O'Keeffe",Unknown,Unknown,2013,8.525,113.2726
Doctor Who,TV Show,"The Doctor is a Time Lord: a 900 year old alien with 2 hearts, part of a gifted civilization who mastered time travel. The Doctor saves planets for a living—more of a hobby actually, and the Doctor's very, very good at it.","Action & Adventure, Drama, Sci-Fi & Fantasy","Jodie Whittaker, Mandip Gill, John Bishop",Unknown,Unknown,2005,7.6,115.1638
Castle,TV Show,"After a serial killer imitates the plots of his novels, successful mystery novelist Richard ""Rick"" Castle receives permission from the Mayor of New York City to tag along with an NYPD homicide investigation team for research purposes.","Drama, Crime","Nathan Fillion, Stana Katic, Molly C. Quinn, Jon Huertas, Seamus Dever",Unknown,Unknown,2009,7.972,111.4216
Tracker,TV Show,"Lone-wolf survivalist Colter Shaw roams the country as a “reward seeker,” using his expert tracking skills to help private citizens and law enforcement solve all manner of mysteries while contending with his own fractured family.","Drama, Crime","Justin Hartley, Fiona Rene, Chris Lee",Unknown,Unknown,2024,7.535,101.9683
Chicago P.D.,TV Show,"A riveting police drama about the men and women of the Chicago Police Department's District 21 who put it all on the line to serve and protect their community. District 21 is made up of two distinctly different groups: the uniformed cops who patrol the beat and go head-to-head with the city's street crimes and the Intelligence Unit that combats the city's major offenses - organized crime, drug trafficking, high profile murders and beyond.","Crime, Drama","Jason Beghe, Marina Squerciati, Patrick John Flueger, LaRoyce Hawkins, Benjamin Levy Aguilar",Unknown,Unknown,2014,8.422,111.5415
Star Trek,TV Show,"Space. The Final Frontier. The U.S.S. Enterprise embarks on a five year mission to explore the galaxy. The Enterprise is under the command of Captain James T. Kirk with First Officer Mr. Spock, from the planet Vulcan. With a determined crew, the Enterprise encounters Klingons, Romulans, time paradoxes, tribbles and genetic supermen led by Khan Noonian Singh. Their mission is to explore strange new worlds, to seek new life and new civilizations, and to boldly go where no man has gone before.","Sci-Fi & Fantasy, Drama","William Shatner, Leonard Nimoy, DeForest Kelley, James Doohan, Walter Koenig",Unknown,Unknown,1966,8.008,109.4222
The Vampire Diaries,TV Show,"The story of two vampire brothers obsessed with the same girl, who bears a striking resemblance to the beautiful but ruthless vampire they knew and loved in 1864.","Drama, Sci-Fi & Fantasy","Paul Wesley, Ian Somerhalder, Kat Graham, Candice King, Zach Roerig",Unknown,Unknown,2009,8.301,106.2194
The Big Game,TV Show,"Sixteen contestants of a new survival show are taken to the Siberian taiga to compete for the price of one million euros. The rules are simple: no food, personal belongings, electricity, communications and civilization for hundreds of kilometers around. The one remains wins. Soon TV project turns into a deadly game, where LIFE becomes the main prize... What is it? Is it sick TV script? Who is behind this? And who can survive without losing their humanity?",Action & Adventure,"Igor Vernik, Vladimir Verevochkin, Andrey Chadov, Linda Lapinsh, Elena Andreeva",Unknown,Unknown,2020,7.4,96.9878
Desperate Housewives,TV Show,"Looking down on her friends and family isn't a way of life for Mary Alice Young... it's a way of death. One day, in her perfect house, in the loveliest of suburbs, Mary Alice ended it all. Now she's taking us into the lives of her family, friends and neighbors, commenting from her elevated P.O.V.","Mystery, Drama, Comedy","Teri Hatcher, Felicity Huffman, Marcia Cross, Eva Longoria, Ricardo Chavira",Unknown,Unknown,2004,7.895,110.3282
The Good Doctor,TV Show,"Shaun Murphy, a young surgeon with autism and savant syndrome, relocates from a quiet country life to join a prestigious hospital's surgical unit. Unable to personally connect with those around him, Shaun uses his extraordinary medical gifts to save lives and challenge the skepticism of his colleagues.",Drama,"Freddie Highmore, Fiona Gubelmann, Will Yun Lee, Christina Chang, Paige Spara",Unknown,Unknown,2017,8.459,105.7017
The Kelly Clarkson Show,TV Show,"Kelly Clarkson presents the biggest newsmakers and names in film, television and music; as well as emerging new talent and everyday people who are beacons of hope in their communities.",Talk,Kelly Clarkson,Unknown,Unknown,2019,6.4,108.8598
Among Friends,TV Show,Miklós introduces viewers into the world of Money and Charm.,"Drama, Family","Zoltán Szőke, Izabella Varga, Virág Pásztor, Edina Som-Balogh",Unknown,Unknown,1998,3.775,85.7376
Lost,TV Show,"Stripped of everything, the survivors of a horrific plane crash must work together to stay alive. But the island holds many secrets.","Mystery, Action & Adventure, Drama","Matthew Fox, Evangeline Lilly, Terry O'Quinn, Josh Holloway, Michael Emerson",Unknown,Unknown,2004,8.0,112.7781
Renegade Immortal,TV Show,"It tells the story of Wang Lin, an ordinary young man in the countryside, who is moved by his heart and cultivates against immortality. His pursuit is not only for longevity, but also for getting rid of the ants behind it. He firmly believed in human beings and entered the path of cultivation with mediocre qualifications. After experiencing ups and downs, with his wise mind, he gradually reached the pinnacle and became famous in the cultivation world with his own strength.","Action & Adventure, Animation, Drama, Sci-Fi & Fantasy","Shi Zekun, Zhang Huilin, Chang Wentao, Liu Sicen, Bai Xuecen",Unknown,Unknown,2023,8.588,95.6001
The Sopranos,TV Show,"The story of New Jersey-based Italian-American mobster Tony Soprano and the difficulties he faces as he tries to balance the conflicting requirements of his home life and the criminal organization he heads. Those difficulties are often highlighted through his ongoing professional relationship with psychiatrist Jennifer Melfi. The show features Tony's family members and Mafia associates in prominent roles and story arcs, most notably his wife Carmela and his cousin and protégé Christopher Moltisanti.","Crime, Drama","James Gandolfini, Edie Falco, Jamie-Lynn Sigler, Robert Iler, Lorraine Bracco",Unknown,Unknown,1999,8.7,101.2039
Doraemon,TV Show,"Robotic cat Doraemon is sent back in time from the 22nd century to protect 10-year-old Noby, a lazy and uncoordinated boy who is destined to have a tragic future. Doraemon can create secret gadgets from a pocket on his stomach, but they usually cause more bad than good because of Noby's propensity to misuse them.","Action & Adventure, Animation, Comedy, Sci-Fi & Fantasy, Kids, Family","Megumi Oohara, Wasabi Mizuta, Yumi Kakazu, Tomokazu Seki, Subaru Kimura",Unknown,Unknown,2005,8.037,129.5599
Outlander,TV Show,"The story of Claire Randall, a married combat nurse from 1945 who is mysteriously swept back in time to 1743, where she is immediately thrown into an unknown world where her life is threatened. When she is forced to marry Jamie, a chivalrous and romantic young Scottish warrior, a passionate affair is ignited that tears Claire's heart between two vastly different men in two irreconcilable lives.","Drama, Sci-Fi & Fantasy","Caitríona Balfe, Sam Heughan, Sophie Skelton, Richard Rankin, John Bell",Unknown,Unknown,2014,8.191,106.6297
Seinfeld,TV Show,A stand-up comedian and his three offbeat friends weather the pitfalls and payoffs of life in New York City in the '90s. It's a show about nothing.,Comedy,"Jerry Seinfeld, Jason Alexander, Michael Richards, Julia Louis-Dreyfus",Unknown,Unknown,1989,8.261,108.0744
Re:ZERO -Starting Life in Another World-,TV Show,"Natsuki Subaru, an ordinary high school  student, is on his way home from the convenience store when he finds  himself transported to another world. As he's lost and confused in a new  world where he doesn't even know left from right, the only person to  reach out to him was a beautiful girl with silver hair. Determined to  repay her somehow for saving him from his own despair, Subaru agrees to  help the girl find something she's looking for.","Animation, Action & Adventure, Mystery, Sci-Fi & Fantasy, Drama","Yusuke Kobayashi, Rie Takahashi, Yumi Uchiyama, Inori Minase, Rie Murakawa",Unknown,Unknown,2016,7.9,107.6523
FBI,TV Show,"The New York office of the FBI brings to bear all their talents, intellect and technical expertise on major cases in order to keep their city and the country safe.","Crime, Action & Adventure, Drama","Missy Peregrym, Zeeko Zaki, John Boyd, Jeremy Sisto, Alana de la Garza",Unknown,Unknown,2018,7.923,107.4061
Stargate SG-1,TV Show,"The story of Stargate SG-1 begins about a year after the events of the feature film, when the United States government learns that an ancient alien device called the Stargate can access a network of such devices on a multitude of planets. SG-1 is an elite Air Force special operations team, one of more than two dozen teams from Earth who explore the galaxy and defend against alien threats such as the Goa'uld, Replicators, and the Ori.","Sci-Fi & Fantasy, Action & Adventure","Ben Browder, Amanda Tapping, Christopher Judge, Michael Shanks, Claudia Black",Unknown,Unknown,1997,8.272,107.1507
The Apothecary Diaries,TV Show,"Maomao lived a peaceful life with her apothecary father. Until one day, she's sold as a lowly servant to the emperor's palace. But she wasn't meant for a compliant life among royalty. So when imperial heirs fall ill, she decides to step in and find a cure! This catches the eye of Jinshi, a handsome palace official who promotes her. Now, she's making a name for herself solving medical mysteries!","Animation, Drama, Mystery","Aoi Yuuki, Takeo Otsuka, Katsuyuki Konishi",Unknown,Unknown,2023,8.587,106.284
Lucifer,TV Show,"Bored and unhappy as the Lord of Hell, Lucifer Morningstar abandoned his throne and retired to Los Angeles, where he has teamed up with LAPD detective Chloe Decker to take down criminals. But the longer he's away from the underworld, the greater the threat that the worst of humanity could escape.","Crime, Sci-Fi & Fantasy","Tom Ellis, Lauren German, Kevin Alejandro, D. B. Woodside, Lesley-Ann Brandt",Unknown,Unknown,2016,8.434,105.8558
Binnelanders,TV Show,"A South African Afrikaans soap opera. It is set in and around the fictional private hospital, Binneland Kliniek, in Pretoria, and the storyline follows the trials, trauma and tribulations of the staff and patients of the hospital.",Soap,,Unknown,Unknown,2005,5.545,105.6961
Two and a Half Men,TV Show,A hedonistic jingle writer's free-wheeling life comes to an abrupt halt when his brother and 10-year-old nephew move into his beach-front house.,Comedy,"Ashton Kutcher, Jon Cryer, Conchata Ferrell",Unknown,Unknown,2003,7.454,105.4587
24,TV Show,"Counterterrorism agent Jack Bauer fights the bad guys of the world, a day at a time. With each week's episode unfolding in real-time, ""24"" covers a single day in the life of Bauer each season.","Action & Adventure, Drama, Crime","Kiefer Sutherland, Mary Lynn Rajskub, Kim Raver, Yvonne Strahovski, Tate Donovan",Unknown,Unknown,2001,7.784,105.2556
Arrow,TV Show,"Spoiled billionaire playboy Oliver Queen is missing and presumed dead when his yacht is lost at sea. He returns five years later a changed man, determined to clean up the city as a hooded vigilante armed with a bow.","Crime, Drama, Action & Adventure","Stephen Amell, David Ramsey, Rick Gonzalez, Juliana Harkavy, Katherine McNamara",Unknown,Unknown,2012,6.835,104.5808
Bleach,TV Show,"For as long as he can remember, Ichigo Kurosaki has been able to see ghosts. But when he meets Rukia, a Soul Reaper who battles evil spirits known as Hollows, he finds his life is changed forever. Now, with a newfound wealth of spiritual energy, Ichigo discovers his true calling: to protect the living and the dead from evil.","Action & Adventure, Animation, Sci-Fi & Fantasy","Masakazu Morita, Fumiko Orikasa, Hiroki Yasumoto, Yuki Matsuoka, Noriaki Sugiyama",Unknown,Unknown,2004,8.362,104.5601
Vikings,TV Show,"The adventures of Ragnar Lothbrok, the greatest hero of his age. The series tells the sagas of Ragnar's band of Viking brothers and his family, as he rises to become King of the Viking tribes. As well as being a fearless warrior, Ragnar embodies the Norse traditions of devotion to the gods. Legend has it that he was a direct descendant of Odin, the god of war and warriors.","Action & Adventure, Drama, War & Politics","Alex Høgh Andersen, Jordan Patrick Smith, Marco Ilsø, Peter Franzén, Georgia Hirst",Unknown,Unknown,2013,8.1,103.6415
Wonderland,TV Show,"A social experiment reality show about the cultivation of an ideal community, inviting 15 guests to Taohuawu, 15KM away from the city center, to live together for 21 days, creating an ideal society in their hearts. See how they live, work, and live in harmony in friction and cooperation. It is also a journey to explore the source of material and spiritual consensus.",Reality,"Zhou Tao, Anita Yuen Wing-Yee, Alan Aruna, Li Xueqin, Xu Zhisheng",Unknown,Unknown,2021,8.0,103.3845
Young Sheldon,TV Show,"The early life of child genius Sheldon Cooper, later seen in The Big Bang Theory.","Comedy, Family, Drama","Iain Armitage, Zoe Perry, Lance Barber, Montana Jordan, Raegan Revord",Unknown,Unknown,2017,8.035,102.9022
Columbo,TV Show,"Columbo is a friendly, verbose, disheveled-looking police detective who is consistently underestimated by his suspects. Despite his unprepossessing appearance and apparent absentmindedness, he shrewdly solves all of his cases and secures all evidence needed for indictment. His formidable eye for detail and meticulously dedicated approach often become clear to the killer only late in the storyline.","Crime, Drama, Mystery",Peter Falk,Unknown,Unknown,1971,8.1,102.7769
Marshals,TV Show,"With the Yellowstone Ranch behind him, Kayce Dutton joins an elite unit of U.S. Marshals, combining his skills as a cowboy and Navy SEAL to bring range justice to Montana, where he and his teammates must balance family, duty and the high psychological cost that comes with serving as the last line of defense in the region's war on violence.","Drama, Crime, Action & Adventure","Luke Grimes, Logan Marshall-Green, Arielle Kebbel, Ash Santos, Tatanka Means",Unknown,Unknown,2026,7.967,102.4169
Secret Mission - Undercover Agents Never Back Down!,TV Show,"Narcotics Enforcement Agent Riko Ikazuchi is undercover with her junior colleague Noma in an apartment that serves as the hideout for a criminal organization. Despite Riko and Noma posing as a newlywed couple, the criminals begin to suspect them after not hearing any marital intimacy during the night. To convince them that they are a loving couple, Noma starts touching Riko's body...",Animation,"Sahomi Koyama, Jun Osuka",Unknown,Unknown,2023,6.1,101.7633
Homeland,TV Show,"CIA officer Carrie Mathison is tops in her field despite being bipolar, which makes her volatile and unpredictable. With the help of her long-time mentor Saul Berenson, Carrie fearlessly risks everything, including her personal well-being and even sanity, at every turn.","Drama, War & Politics, Crime","Claire Danes, Mandy Patinkin, Maury Sterling, Numan Acar, Nimrat Kaur",Unknown,Unknown,2011,7.586,101.7241
The Mandalorian,TV Show,"After the fall of the Galactic Empire, lawlessness has spread throughout the galaxy. A lone gunfighter makes his way through the outer reaches, earning his keep as a bounty hunter.","Sci-Fi & Fantasy, Action & Adventure","Pedro Pascal, Katee Sackhoff",Unknown,Unknown,2019,8.409,101.4613
The WONDERfools,TV Show,"A goofy group of townies stumbles into superpowers and fights rising evil as doomsday panic grows in this wild, turn-of-the-century action comedy.","Action & Adventure, Comedy, Sci-Fi & Fantasy, Drama","Park Eun-bin, Cha Eun-woo, Choi Dae-hoon, Im Sung-jae, Kim Hae-sook",Unknown,Unknown,2026,9.105,101.2467
